id,個案研判日,個案公佈日,縣市別,區域,全稱,Lat,Long_,新增確診人數,累計確診人數
2,2022/6/9,2022/6/9,南投縣,南投市,南投縣南投市,23.9179637,120.6775054,335,8666
3,2022/6/9,2022/6/9,南投縣,草屯鎮,南投縣草屯鎮,23.9933816,120.7234992,334,6811
4,2022/6/9,2022/6/9,南投縣,埔里鎮,南投縣埔里鎮,23.9932872,120.9646866,252,5129
5,2022/6/9,2022/6/9,南投縣,竹山鎮,南投縣竹山鎮,23.712201,120.6890055,120,3655
6,2022/6/9,2022/6/9,南投縣,名間鄉,南投縣名間鄉,23.8537843,120.6775054,101,2317
7,2022/6/9,2022/6/9,南投縣,仁愛鄉,南投縣仁愛鄉,24.0213745,121.1252135,94,1680
8,2022/6/9,2022/6/9,南投縣,信義鄉,南投縣信義鄉,23.6679756,120.9876321,83,1488
9,2022/6/9,2022/6/9,南投縣,國姓鄉,南投縣國姓鄉,24.0564429,120.8728615,52,799
10,2022/6/9,2022/6/9,南投縣,鹿谷鄉,南投縣鹿谷鄉,23.7348372,120.7809676,42,781
11,2022/6/9,2022/6/9,南投縣,水里鄉,南投縣水里鄉,23.7919524,120.8613785,34,677
12,2022/6/9,2022/6/9,南投縣,中寮鄉,南投縣中寮鄉,23.9058666,120.7809676,49,580
13,2022/6/9,2022/6/9,南投縣,魚池鄉,南投縣魚池鄉,23.8753852,120.9187827,19,473
14,2022/6/9,2022/6/9,南投縣,集集鎮,南投縣集集鎮,23.8279876,120.7925043,15,395
16,2022/6/9,2022/6/9,台中市,北屯區,台中市北屯區,24.1815237,120.6861019,828,25297
17,2022/6/9,2022/6/9,台中市,西屯區,台中市西屯區,24.1769764,120.6424333,840,24962
18,2022/6/9,2022/6/9,台中市,大里區,台中市大里區,24.1046899,120.6812114,937,21418
19,2022/6/9,2022/6/9,台中市,太平區,台中市太平區,24.1240719,120.7170701,747,20199
20,2022/6/9,2022/6/9,台中市,南屯區,台中市南屯區,24.1471183,120.6084832,568,15909
21,2022/6/9,2022/6/9,台中市,北區,台中市北區,24.1573171,120.6832556,451,15092
22,2022/6/9,2022/6/9,台中市,豐原區,台中市豐原區,24.2521213,120.7234816,570,13849
23,2022/6/9,2022/6/9,台中市,南區,台中市南區,24.1208445,120.6624117,419,12111
24,2022/6/9,2022/6/9,台中市,沙鹿區,台中市沙鹿區,24.2377939,120.5854674,413,11367
25,2022/6/9,2022/6/9,台中市,大雅區,台中市大雅區,24.2225023,120.6545022,395,10291
26,2022/6/9,2022/6/9,台中市,西區,台中市西區,24.1430604,120.6631289,323,10158
27,2022/6/9,2022/6/9,台中市,潭子區,台中市潭子區,24.2163612,120.7062535,382,9958
28,2022/6/9,2022/6/9,台中市,清水區,台中市清水區,24.2754785,120.571328,303,8888
29,2022/6/9,2022/6/9,台中市,烏日區,台中市烏日區,24.107787,120.6380936,289,8375
30,2022/6/9,2022/6/9,台中市,龍井區,台中市龍井區,24.2101223,120.5057794,279,8180
31,2022/6/9,2022/6/9,台中市,梧棲區,台中市梧棲區,24.2490793,120.5386546,273,8152
32,2022/6/9,2022/6/9,台中市,東區,台中市東區,24.1427702,120.6944233,242,7971
33,2022/6/9,2022/6/9,台中市,霧峰區,台中市霧峰區,24.044318,120.7350013,258,6872
34,2022/6/9,2022/6/9,台中市,大甲區,台中市大甲區,24.3788233,120.6487508,278,6682
35,2022/6/9,2022/6/9,台中市,神岡區,台中市神岡區,24.2499057,120.6817589,235,6319
36,2022/6/9,2022/6/9,台中市,大肚區,台中市大肚區,24.1358732,120.5624474,229,5578
37,2022/6/9,2022/6/9,台中市,后里區,台中市后里區,24.3088765,120.7223705,194,4267
38,2022/6/9,2022/6/9,台中市,東勢區,台中市東勢區,24.2599898,120.8272085,149,3059
39,2022/6/9,2022/6/9,台中市,外埔區,台中市外埔區,24.3317733,120.6533224,116,2639
40,2022/6/9,2022/6/9,台中市,中區,台中市中區,24.1402601,120.6818181,77,1903
41,2022/6/9,2022/6/9,台中市,大安區,台中市大安區,24.3702355,120.5912217,81,1516
42,2022/6/9,2022/6/9,台中市,新社區,台中市新社區,24.1867194,120.8154358,51,1248
43,2022/6/9,2022/6/9,台中市,石岡區,台中市石岡區,24.2742426,120.7771553,39,892
44,2022/6/9,2022/6/9,台中市,和平區,台中市和平區,24.3207261,121.3084088,66,771
46,2022/6/9,2022/6/9,台北市,北投區,台北市北投區,25.1151759,121.515018,503,33001
47,2022/6/9,2022/6/9,台北市,文山區,台北市文山區,24.9929212,121.57125,550,32507
48,2022/6/9,2022/6/9,台北市,士林區,台北市士林區,25.0950492,121.5246077,450,32484
49,2022/6/9,2022/6/9,台北市,萬華區,台北市萬華區,25.0262857,121.4970294,341,32145
50,2022/6/9,2022/6/9,台北市,內湖區,台北市內湖區,25.0689422,121.5909027,527,31635
51,2022/6/9,2022/6/9,台北市,信義區,台北市信義區,25.0409201,121.5720055,468,27941
52,2022/6/9,2022/6/9,台北市,中山區,台北市中山區,25.0792018,121.5427093,441,27678
53,2022/6/9,2022/6/9,台北市,大安區,台北市大安區,25.0249441,121.5433783,463,26168
54,2022/6/9,2022/6/9,台北市,松山區,台北市松山區,25.0541591,121.5638621,361,20342
55,2022/6/9,2022/6/9,台北市,大同區,台北市大同區,25.0627243,121.5113064,274,16785
56,2022/6/9,2022/6/9,台北市,南港區,台北市南港區,25.0312347,121.6111949,269,16165
57,2022/6/9,2022/6/9,台北市,中正區,台北市中正區,25.0421407,121.5198716,244,14394
59,2022/6/9,2022/6/9,台南市,永康區,台南市永康區,23.0211799,120.262788,922,26823
60,2022/6/9,2022/6/9,台南市,安南區,台南市安南區,23.0585336,120.1358346,805,19362
61,2022/6/9,2022/6/9,台南市,東區,台南市東區,22.98133,120.2224227,583,14345
62,2022/6/9,2022/6/9,台南市,南區,台南市南區,22.9563522,120.1877943,411,11689
63,2022/6/9,2022/6/9,台南市,北區,台南市北區,23.008515,120.2079953,390,11626
64,2022/6/9,2022/6/9,台南市,仁德區,台南市仁德區,22.9472553,120.2511778,304,8035
65,2022/6/9,2022/6/9,台南市,歸仁區,台南市歸仁區,22.9519268,120.2858846,266,6260
66,2022/6/9,2022/6/9,台南市,中西區,台南市中西區,22.9948212,120.1964522,278,6043
67,2022/6/9,2022/6/9,台南市,新營區,台南市新營區,23.3119567,120.3089541,190,5870
68,2022/6/9,2022/6/9,台南市,安平區,台南市安平區,22.9934184,120.1647112,234,5850
69,2022/6/9,2022/6/9,台南市,善化區,台南市善化區,23.1402613,120.3089541,178,4719
70,2022/6/9,2022/6/9,台南市,新市區,台南市新市區,23.0780281,120.2919179,139,4275
71,2022/6/9,2022/6/9,台南市,新化區,台南市新化區,23.0280873,120.3320195,148,4124
72,2022/6/9,2022/6/9,台南市,佳里區,台南市佳里區,23.1694465,120.1704766,145,4039
73,2022/6/9,2022/6/9,台南市,關廟區,台南市關廟區,22.9637053,120.3320195,148,3483
74,2022/6/9,2022/6/9,台南市,麻豆區,台南市麻豆區,23.1763401,120.2397336,137,3303
75,2022/6/9,2022/6/9,台南市,安定區,台南市安定區,23.090792,120.2334385,99,2579
76,2022/6/9,2022/6/9,台南市,柳營區,台南市柳營區,23.2806957,120.3550808,60,1813
77,2022/6/9,2022/6/9,台南市,西港區,台南市西港區,23.1257853,120.1993381,80,1787
78,2022/6/9,2022/6/9,台南市,官田區,台南市官田區,23.1948768,120.3550808,64,1467
79,2022/6/9,2022/6/9,台南市,鹽水區,台南市鹽水區,23.2622306,120.2397336,63,1463
80,2022/6/9,2022/6/9,台南市,六甲區,台南市六甲區,23.2426813,120.3320195,66,1445
81,2022/6/9,2022/6/9,台南市,學甲區,台南市學甲區,23.2553798,120.1704766,73,1410
82,2022/6/9,2022/6/9,台南市,下營區,台南市下營區,23.2292915,120.2685799,60,1255
83,2022/6/9,2022/6/9,台南市,七股區,台南市七股區,23.1195166,120.1011836,60,1248
84,2022/6/9,2022/6/9,台南市,白河區,台南市白河區,23.3336369,120.4588059,82,1161
85,2022/6/9,2022/6/9,台南市,後壁區,台南市後壁區,23.3665101,120.3550808,66,1143
86,2022/6/9,2022/6/9,台南市,東山區,台南市東山區,22.9998999,120.2268758,41,822
87,2022/6/9,2022/6/9,台南市,玉井區,台南市玉井區,23.1060822,120.4703258,34,754
88,2022/6/9,2022/6/9,台南市,將軍區,台南市將軍區,23.2054945,120.1011836,35,720
89,2022/6/9,2022/6/9,台南市,山上區,台南市山上區,23.0893067,120.3723741,23,698
90,2022/6/9,2022/6/9,台南市,大內區,台南市大內區,23.1421962,120.4011911,24,483
91,2022/6/9,2022/6/9,台南市,楠西區,台南市楠西區,23.1820152,120.5163949,21,352
92,2022/6/9,2022/6/9,台南市,北門區,台南市北門區,23.2866026,120.1242853,25,336
93,2022/6/9,2022/6/9,台南市,左鎮區,台南市左鎮區,23.0300785,120.4242401,12,293
94,2022/6/9,2022/6/9,台南市,南化區,台南市南化區,23.1079133,120.5624474,20,283
95,2022/6/9,2022/6/9,台南市,龍崎區,台南市龍崎區,22.9540045,120.378138,4,127
97,2022/6/9,2022/6/9,台東縣,台東市,台東縣台東市,22.7613207,121.1438152,453,12335
98,2022/6/9,2022/6/9,台東縣,卑南鄉,台東縣卑南鄉,22.7848196,121.0834446,69,1481
99,2022/6/9,2022/6/9,台東縣,成功鎮,台東縣成功鎮,23.1261527,121.3655989,50,1100
100,2022/6/9,2022/6/9,台東縣,太麻里鄉,台東縣太麻里鄉,22.6102278,121.0044631,27,864
101,2022/6/9,2022/6/9,台東縣,關山鎮,台東縣關山鎮,23.0495603,121.1646339,24,682
102,2022/6/9,2022/6/9,台東縣,東河鄉,台東縣東河鄉,23.0691722,121.2855249,18,597
103,2022/6/9,2022/6/9,台東縣,海端鄉,台東縣海端鄉,23.1305611,121.1756856,22,576
104,2022/6/9,2022/6/9,台東縣,蘭嶼鄉,台東縣蘭嶼鄉,22.0269018,121.5415968,10,571
105,2022/6/9,2022/6/9,台東縣,長濱鄉,台東縣長濱鄉,23.3451824,121.43419,14,549
106,2022/6/9,2022/6/9,台東縣,鹿野鄉,台東縣鹿野鄉,22.9580514,121.1595842,24,511
107,2022/6/9,2022/6/9,台東縣,池上鄉,台東縣池上鄉,23.120733,121.2161784,21,424
108,2022/6/9,2022/6/9,台東縣,延平鄉,台東縣延平鄉,22.931996,121.03351,21,423
109,2022/6/9,2022/6/9,台東縣,金峰鄉,台東縣金峰鄉,22.5604145,120.8728615,11,350
110,2022/6/9,2022/6/9,台東縣,綠島鄉,台東縣綠島鄉,22.6620886,121.4901443,12,339
111,2022/6/9,2022/6/9,台東縣,大武鄉,台東縣大武鄉,22.4141954,120.907304,13,306
112,2022/6/9,2022/6/9,台東縣,達仁鄉,台東縣達仁鄉,22.3990588,120.8269231,17,196
114,2022/6/9,2022/6/9,嘉義市,西區,嘉義市西區,23.4803991,120.4242406,394,9929
115,2022/6/9,2022/6/9,嘉義市,東區,嘉義市東區,23.4853348,120.4760853,359,7916
117,2022/6/9,2022/6/9,嘉義縣,民雄鄉,嘉義縣民雄鄉,23.5203579,120.440409,225,5315
118,2022/6/9,2022/6/9,嘉義縣,水上鄉,嘉義縣水上鄉,23.4287422,120.4001659,131,3693
119,2022/6/9,2022/6/9,嘉義縣,太保市,嘉義縣太保市,23.4964492,120.3837086,129,2538
120,2022/6/9,2022/6/9,嘉義縣,中埔鄉,嘉義縣中埔鄉,23.3995944,120.5509358,106,2499
121,2022/6/9,2022/6/9,嘉義縣,朴子市,嘉義縣朴子市,23.4464152,120.2570421,95,2386
122,2022/6/9,2022/6/9,嘉義縣,大林鎮,嘉義縣大林鎮,23.6040709,120.4542004,103,2099
123,2022/6/9,2022/6/9,嘉義縣,竹崎鄉,嘉義縣竹崎鄉,23.5049724,120.6084832,82,1450
124,2022/6/9,2022/6/9,嘉義縣,新港鄉,嘉義縣新港鄉,23.538123,120.3550808,93,1442
125,2022/6/9,2022/6/9,嘉義縣,布袋鎮,嘉義縣布袋鎮,23.3627901,120.1704766,42,1069
126,2022/6/9,2022/6/9,嘉義縣,六腳鄉,嘉義縣六腳鄉,23.529833,120.2873266,49,964
127,2022/6/9,2022/6/9,嘉義縣,鹿草鄉,嘉義縣鹿草鄉,23.419257,120.3089541,34,928
128,2022/6/9,2022/6/9,嘉義縣,梅山鄉,嘉義縣梅山鄉,23.5410247,120.6890055,28,739
129,2022/6/9,2022/6/9,嘉義縣,溪口鄉,嘉義縣溪口鄉,23.5925564,120.4011911,38,657
130,2022/6/9,2022/6/9,嘉義縣,東石鄉,嘉義縣東石鄉,23.4701923,120.1704766,52,646
131,2022/6/9,2022/6/9,嘉義縣,義竹鄉,嘉義縣義竹鄉,23.3530108,120.2166519,24,536
132,2022/6/9,2022/6/9,嘉義縣,番路鄉,嘉義縣番路鄉,23.4407355,120.6084832,12,440
133,2022/6/9,2022/6/9,嘉義縣,阿里山鄉,嘉義縣阿里山鄉,23.4354677,120.7809676,17,318
134,2022/6/9,2022/6/9,嘉義縣,大埔鄉,嘉義縣大埔鄉,23.3040182,120.5969758,6,94
136,2022/6/9,2022/6/9,基隆市,安樂區,基隆市安樂區,25.1474144,121.7024448,226,15165
137,2022/6/9,2022/6/9,基隆市,信義區,基隆市信義區,25.1284336,121.7822278,108,10051
138,2022/6/9,2022/6/9,基隆市,中正區,基隆市中正區,25.1489988,121.7736823,122,10044
139,2022/6/9,2022/6/9,基隆市,七堵區,基隆市七堵區,25.1143924,121.685341,164,9881
140,2022/6/9,2022/6/9,基隆市,中山區,基隆市中山區,25.152587,121.7252457,142,8177
141,2022/6/9,2022/6/9,基隆市,仁愛區,基隆市仁愛區,25.1187161,121.7451927,98,7626
142,2022/6/9,2022/6/9,基隆市,暖暖區,基隆市暖暖區,25.0836163,121.748042,105,6872
144,2022/6/9,2022/6/9,境外移入,桃園國際機場,桃園國際機場,25.0796514,121.234217,36,13408
146,2022/6/9,2022/6/9,宜蘭縣,宜蘭市,宜蘭縣宜蘭市,24.7591148,121.7537404,304,11239
147,2022/6/9,2022/6/9,宜蘭縣,羅東鎮,宜蘭縣羅東鎮,24.6755872,121.770825,201,8468
148,2022/6/9,2022/6/9,宜蘭縣,冬山鄉,宜蘭縣冬山鄉,24.631919,121.7537404,125,6620
149,2022/6/9,2022/6/9,宜蘭縣,蘇澳鎮,宜蘭縣蘇澳鎮,24.594229,121.8533264,127,5828
150,2022/6/9,2022/6/9,宜蘭縣,五結鄉,宜蘭縣五結鄉,24.6887633,121.8050125,89,4795
151,2022/6/9,2022/6/9,宜蘭縣,礁溪鄉,宜蘭縣礁溪鄉,24.8214206,121.7696964,110,4642
152,2022/6/9,2022/6/9,宜蘭縣,員山鄉,宜蘭縣員山鄉,24.7381293,121.662532,76,3770
153,2022/6/9,2022/6/9,宜蘭縣,頭城鎮,宜蘭縣頭城鎮,24.8576121,121.8234687,80,3045
154,2022/6/9,2022/6/9,宜蘭縣,三星鄉,宜蘭縣三星鄉,24.6744894,121.662532,37,2509
155,2022/6/9,2022/6/9,宜蘭縣,壯圍鄉,宜蘭縣壯圍鄉,24.769569,121.7993168,53,2478
156,2022/6/9,2022/6/9,宜蘭縣,南澳鄉,宜蘭縣南澳鄉,24.4065995,121.6739371,31,1792
157,2022/6/9,2022/6/9,宜蘭縣,大同鄉,宜蘭縣大同鄉,24.5498206,121.5141615,26,1262
159,2022/6/9,2022/6/9,屏東縣,屏東市,屏東縣屏東市,22.6558442,120.4703258,751,19123
160,2022/6/9,2022/6/9,屏東縣,東港鎮,屏東縣東港鎮,22.4628783,120.4703258,197,5500
161,2022/6/9,2022/6/9,屏東縣,內埔鄉,屏東縣內埔鄉,22.6151342,120.5663201,225,4967
162,2022/6/9,2022/6/9,屏東縣,潮州鎮,屏東縣潮州鎮,22.5294168,120.5624474,196,4939
163,2022/6/9,2022/6/9,屏東縣,萬丹鄉,屏東縣萬丹鄉,22.591522,120.4703258,185,4761
164,2022/6/9,2022/6/9,屏東縣,新園鄉,屏東縣新園鄉,22.4774001,120.442154,102,3546
165,2022/6/9,2022/6/9,屏東縣,長治鄉,屏東縣長治鄉,22.700828,120.5624474,101,2889
166,2022/6/9,2022/6/9,屏東縣,恆春鎮,屏東縣恆春鎮,22.0008277,120.7447638,112,2591
167,2022/6/9,2022/6/9,屏東縣,里港鄉,屏東縣里港鄉,22.7962363,120.5163949,95,2121
168,2022/6/9,2022/6/9,屏東縣,鹽埔鄉,屏東縣鹽埔鄉,22.7436807,120.5624474,101,2103
169,2022/6/9,2022/6/9,屏東縣,九如鄉,屏東縣九如鄉,22.7416068,120.4703258,75,1768
170,2022/6/9,2022/6/9,屏東縣,枋寮鄉,屏東縣枋寮鄉,22.3960688,120.5854674,78,1733
171,2022/6/9,2022/6/9,屏東縣,萬巒鄉,屏東縣萬巒鄉,22.584046,120.6084832,87,1375
172,2022/6/9,2022/6/9,屏東縣,竹田鄉,屏東縣竹田鄉,22.5939138,120.5326679,58,1126
173,2022/6/9,2022/6/9,屏東縣,高樹鄉,屏東縣高樹鄉,22.8254924,120.6003824,44,1064
174,2022/6/9,2022/6/9,屏東縣,林邊鄉,屏東縣林邊鄉,22.4347039,120.5147274,62,1062
175,2022/6/9,2022/6/9,屏東縣,瑪家鄉,屏東縣瑪家鄉,22.6903584,120.6378794,42,1049
176,2022/6/9,2022/6/9,屏東縣,佳冬鄉,屏東縣佳冬鄉,22.427078,120.5394232,49,1045
177,2022/6/9,2022/6/9,屏東縣,來義鄉,屏東縣來義鄉,22.4921661,120.6247208,27,973
178,2022/6/9,2022/6/9,屏東縣,泰武鄉,屏東縣泰武鄉,22.5779544,120.6348032,49,936
179,2022/6/9,2022/6/9,屏東縣,麟洛鄉,屏東縣麟洛鄉,22.6515201,120.5259627,26,903
180,2022/6/9,2022/6/9,屏東縣,三地門鄉,屏東縣三地門鄉,22.8133088,120.6890055,63,880
181,2022/6/9,2022/6/9,屏東縣,崁頂鄉,屏東縣崁頂鄉,22.5158427,120.4991209,53,830
182,2022/6/9,2022/6/9,屏東縣,南州鄉,屏東縣南州鄉,22.4747339,120.5163949,36,663
183,2022/6/9,2022/6/9,屏東縣,新埤鄉,屏東縣新埤鄉,22.4817586,120.5854674,23,652
184,2022/6/9,2022/6/9,屏東縣,春日鄉,屏東縣春日鄉,22.3851778,120.6890055,17,643
185,2022/6/9,2022/6/9,屏東縣,車城鄉,屏東縣車城鄉,22.0843074,120.7464897,21,502
186,2022/6/9,2022/6/9,屏東縣,獅子鄉,屏東縣獅子鄉,22.2471686,120.734995,22,484
187,2022/6/9,2022/6/9,屏東縣,琉球鄉,屏東縣琉球鄉,22.341646,120.369492,33,468
188,2022/6/9,2022/6/9,屏東縣,牡丹鄉,屏東縣牡丹鄉,22.1520217,120.7809676,24,422
189,2022/6/9,2022/6/9,屏東縣,滿州鄉,屏東縣滿州鄉,22.04385,120.8384093,23,354
190,2022/6/9,2022/6/9,屏東縣,枋山鄉,屏東縣枋山鄉,22.2606439,120.6573779,7,242
191,2022/6/9,2022/6/9,屏東縣,霧台鄉,屏東縣霧台鄉,22.7509887,120.7809676,5,165
193,2022/6/9,2022/6/9,彰化縣,彰化市,彰化縣彰化市,24.0716583,120.5624474,916,20243
194,2022/6/9,2022/6/9,彰化縣,員林市,彰化縣員林市,23.959574,120.5854674,449,10080
195,2022/6/9,2022/6/9,彰化縣,鹿港鎮,彰化縣鹿港鎮,24.0755127,120.447285,485,9750
196,2022/6/9,2022/6/9,彰化縣,和美鎮,彰化縣和美鎮,24.1122859,120.4983956,534,9192
197,2022/6/9,2022/6/9,彰化縣,花壇鄉,彰化縣花壇鄉,24.0288453,120.5624474,206,4140
198,2022/6/9,2022/6/9,彰化縣,二林鎮,彰化縣二林鎮,23.9141358,120.4011911,173,4087
199,2022/6/9,2022/6/9,彰化縣,大村鄉,彰化縣大村鄉,23.9890696,120.5662224,190,3831
200,2022/6/9,2022/6/9,彰化縣,福興鄉,彰化縣福興鄉,24.0377011,120.4242401,175,3672
201,2022/6/9,2022/6/9,彰化縣,溪湖鎮,彰化縣溪湖鎮,23.9583265,120.4933624,216,3474
202,2022/6/9,2022/6/9,彰化縣,伸港鄉,彰化縣伸港鄉,24.158174,120.4982653,191,3349
203,2022/6/9,2022/6/9,彰化縣,秀水鄉,彰化縣秀水鄉,24.0348603,120.5106372,162,2903
204,2022/6/9,2022/6/9,彰化縣,田中鎮,彰化縣田中鎮,23.8525401,120.5854674,119,2833
205,2022/6/9,2022/6/9,彰化縣,社頭鄉,彰化縣社頭鄉,23.8992037,120.5827201,134,2799
206,2022/6/9,2022/6/9,彰化縣,埔心鄉,彰化縣埔心鄉,23.9430014,120.5592918,135,2757
207,2022/6/9,2022/6/9,彰化縣,北斗鎮,彰化縣北斗鎮,23.869208,120.5336665,134,2590
208,2022/6/9,2022/6/9,彰化縣,永靖鄉,彰化縣永靖鄉,23.9202279,120.5451797,108,2369
209,2022/6/9,2022/6/9,彰化縣,芳苑鄉,彰化縣芳苑鄉,23.9455949,120.3550808,127,2198
210,2022/6/9,2022/6/9,彰化縣,埤頭鄉,彰化縣埤頭鄉,23.8776623,120.4703258,96,1867
211,2022/6/9,2022/6/9,彰化縣,埔鹽鄉,彰化縣埔鹽鄉,23.9898141,120.447285,107,1840
212,2022/6/9,2022/6/9,彰化縣,溪州鄉,彰化縣溪州鄉,23.8247844,120.5163949,87,1628
213,2022/6/9,2022/6/9,彰化縣,芬園鄉,彰化縣芬園鄉,24.013564,120.6284031,96,1589
214,2022/6/9,2022/6/9,彰化縣,田尾鄉,彰化縣田尾鄉,23.9038461,120.5221524,59,1463
215,2022/6/9,2022/6/9,彰化縣,線西鄉,彰化縣線西鄉,24.1316695,120.4622016,97,1438
216,2022/6/9,2022/6/9,彰化縣,大城鄉,彰化縣大城鄉,23.8483614,120.3089541,31,921
217,2022/6/9,2022/6/9,彰化縣,二水鄉,彰化縣二水鄉,23.8115197,120.6160709,37,771
218,2022/6/9,2022/6/9,彰化縣,竹塘鄉,彰化縣竹塘鄉,23.8448257,120.4242401,23,691
220,2022/6/9,2022/6/9,新北市,板橋區,新北市板橋區,25.0114095,121.4618415,1188,103494
221,2022/6/9,2022/6/9,新北市,中和區,新北市中和區,24.9962178,121.4853103,811,81379
222,2022/6/9,2022/6/9,新北市,新莊區,新北市新莊區,25.0265985,121.4178347,980,81126
223,2022/6/9,2022/6/9,新北市,三重區,新北市三重區,25.0614534,121.4867114,829,80944
224,2022/6/9,2022/6/9,新北市,新店區,新北市新店區,24.978282,121.5394822,568,50014
225,2022/6/9,2022/6/9,新北市,土城區,新北市土城區,24.968371,121.438034,599,44382
226,2022/6/9,2022/6/9,新北市,汐止區,新北市汐止區,25.0616059,121.6397184,492,40774
227,2022/6/9,2022/6/9,新北市,蘆洲區,新北市蘆洲區,25.0868908,121.4715241,477,35655
228,2022/6/9,2022/6/9,新北市,永和區,新北市永和區,25.0103251,121.5145353,405,35037
229,2022/6/9,2022/6/9,新北市,樹林區,新北市樹林區,24.9815605,121.4198606,412,30841
230,2022/6/9,2022/6/9,新北市,淡水區,新北市淡水區,25.1719805,121.4433706,388,26382
231,2022/6/9,2022/6/9,新北市,三峽區,新北市三峽區,24.9358605,121.3744903,308,17413
232,2022/6/9,2022/6/9,新北市,五股區,新北市五股區,25.0848317,121.4386586,217,16959
233,2022/6/9,2022/6/9,新北市,林口區,新北市林口區,25.0790108,121.3881378,295,16415
234,2022/6/9,2022/6/9,新北市,鶯歌區,新北市鶯歌區,24.9614967,121.3427262,241,14641
235,2022/6/9,2022/6/9,新北市,泰山區,新北市泰山區,25.0581641,121.4327919,175,13887
236,2022/6/9,2022/6/9,新北市,八里區,新北市八里區,25.1443896,121.3983016,120,6022
237,2022/6/9,2022/6/9,新北市,瑞芳區,新北市瑞芳區,25.103052,121.822098,60,5646
238,2022/6/9,2022/6/9,新北市,深坑區,新北市深坑區,25.0033792,121.6169002,75,4349
239,2022/6/9,2022/6/9,新北市,金山區,新北市金山區,25.2223616,121.6367773,56,2121
240,2022/6/9,2022/6/9,新北市,萬里區,新北市萬里區,25.1676024,121.6397184,26,1995
241,2022/6/9,2022/6/9,新北市,三芝區,新北市三芝區,25.2593452,121.5024341,36,1922
242,2022/6/9,2022/6/9,新北市,烏來區,新北市烏來區,24.8663721,121.5497801,9,628
243,2022/6/9,2022/6/9,新北市,石碇區,新北市石碇區,25.0098662,121.6452827,19,615
244,2022/6/9,2022/6/9,新北市,貢寮區,新北市貢寮區,25.0168762,121.9459786,26,536
245,2022/6/9,2022/6/9,新北市,石門區,新北市石門區,25.2908277,121.5671383,16,492
246,2022/6/9,2022/6/9,新北市,雙溪區,新北市雙溪區,24.9971842,121.822098,11,446
247,2022/6/9,2022/6/9,新北市,坪林區,新北市坪林區,24.9350844,121.7107613,7,308
248,2022/6/9,2022/6/9,新北市,平溪區,新北市平溪區,25.0248314,121.7408654,8,262
250,2022/6/9,2022/6/9,新竹市,東區,新竹市東區,24.7920609,120.993378,641,25767
251,2022/6/9,2022/6/9,新竹市,北區,新竹市北區,24.8238676,120.9474747,405,15409
252,2022/6/9,2022/6/9,新竹市,香山區,新竹市香山區,24.7798216,120.9302603,226,9296
254,2022/6/9,2022/6/9,新竹縣,竹北市,新竹縣竹北市,24.8346871,120.9933678,560,23327
255,2022/6/9,2022/6/9,新竹縣,湖口鄉,新竹縣湖口鄉,24.8814458,121.0449768,267,14977
256,2022/6/9,2022/6/9,新竹縣,竹東鎮,新竹縣竹東鎮,24.774922,121.0449768,363,12565
257,2022/6/9,2022/6/9,新竹縣,新豐鄉,新竹縣新豐鄉,24.9132859,120.9991032,165,7686
258,2022/6/9,2022/6/9,新竹縣,新埔鎮,新竹縣新埔鎮,24.8496061,121.0908329,107,3175
259,2022/6/9,2022/6/9,新竹縣,關西鎮,新竹縣關西鎮,24.8044851,121.1481284,79,2688
260,2022/6/9,2022/6/9,新竹縣,芎林鄉,新竹縣芎林鄉,24.765792,121.1080244,66,2004
261,2022/6/9,2022/6/9,新竹縣,寶山鄉,新竹縣寶山鄉,24.7427912,120.9991032,36,1624
262,2022/6/9,2022/6/9,新竹縣,尖石鄉,新竹縣尖石鄉,24.5760667,121.3084088,39,1189
263,2022/6/9,2022/6/9,新竹縣,橫山鄉,新竹縣橫山鄉,24.7113011,121.1366715,20,1075
264,2022/6/9,2022/6/9,新竹縣,北埔鄉,新竹縣北埔鄉,24.6998411,121.0563176,21,550
265,2022/6/9,2022/6/9,新竹縣,五峰鄉,新竹縣五峰鄉,24.6298238,121.1194623,14,514
266,2022/6/9,2022/6/9,新竹縣,峨眉鄉,新竹縣峨眉鄉,24.6788411,120.9991032,11,298
268,2022/6/9,2022/6/9,桃園市,桃園區,桃園市桃園區,24.9934099,121.2969674,1141,72199
269,2022/6/9,2022/6/9,桃園市,中壢區,桃園市中壢區,24.9721514,121.2053963,1096,62473
270,2022/6/9,2022/6/9,桃園市,龜山區,桃園市龜山區,25.0199092,121.3655989,535,33532
271,2022/6/9,2022/6/9,桃園市,平鎮區,桃園市平鎮區,24.9296022,121.2053963,698,32417
272,2022/6/9,2022/6/9,桃園市,八德區,桃園市八德區,24.9469059,121.2912463,496,31754
273,2022/6/9,2022/6/9,桃園市,蘆竹區,桃園市蘆竹區,25.0784359,121.2969674,504,26138
274,2022/6/9,2022/6/9,桃園市,楊梅區,桃園市楊梅區,24.9242108,121.1366715,435,25713
275,2022/6/9,2022/6/9,桃園市,龍潭區,桃園市龍潭區,24.8444927,121.2053963,340,17017
276,2022/6/9,2022/6/9,桃園市,大溪區,桃園市大溪區,24.8658422,121.2969674,264,14817
277,2022/6/9,2022/6/9,桃園市,大園區,桃園市大園區,25.0492632,121.193945,198,12660
278,2022/6/9,2022/6/9,桃園市,觀音區,桃園市觀音區,25.0359365,121.1137544,189,10793
279,2022/6/9,2022/6/9,桃園市,新屋區,桃園市新屋區,24.9826597,121.067907,133,6503
280,2022/6/9,2022/6/9,桃園市,復興區,桃園市復興區,24.709089,121.3770336,51,1605
282,2022/6/9,2022/6/9,澎湖縣,馬公市,澎湖縣馬公市,23.5706269,119.5774616,143,3443
283,2022/6/9,2022/6/9,澎湖縣,湖西鄉,澎湖縣湖西鄉,23.5773682,119.6615055,43,588
284,2022/6/9,2022/6/9,澎湖縣,白沙鄉,澎湖縣白沙鄉,23.6640444,119.5948541,17,302
285,2022/6/9,2022/6/9,澎湖縣,西嶼鄉,澎湖縣西嶼鄉,23.6054584,119.5136711,9,221
286,2022/6/9,2022/6/9,澎湖縣,七美鄉,澎湖縣七美鄉,23.2087756,119.4353441,9,89
287,2022/6/9,2022/6/9,澎湖縣,望安鄉,澎湖縣望安鄉,23.3596967,119.5020698,9,57
289,2022/6/9,2022/6/9,花蓮縣,吉安鄉,花蓮縣吉安鄉,23.9732022,121.5841779,324,11575
290,2022/6/9,2022/6/9,花蓮縣,花蓮市,花蓮縣花蓮市,23.9910732,121.6111949,316,11494
291,2022/6/9,2022/6/9,花蓮縣,秀林鄉,花蓮縣秀林鄉,24.3082079,121.7482315,31,4424
292,2022/6/9,2022/6/9,花蓮縣,新城鄉,花蓮縣新城鄉,24.0327075,121.6043742,82,3776
293,2022/6/9,2022/6/9,花蓮縣,玉里鎮,花蓮縣玉里鎮,23.3326186,121.3158222,104,3721
294,2022/6/9,2022/6/9,花蓮縣,壽豐鄉,花蓮縣壽豐鄉,23.8593411,121.5598345,42,2232
295,2022/6/9,2022/6/9,花蓮縣,光復鄉,花蓮縣光復鄉,23.6350647,121.422761,31,1346
296,2022/6/9,2022/6/9,花蓮縣,萬榮鄉,花蓮縣萬榮鄉,23.7245744,121.3084088,9,1065
297,2022/6/9,2022/6/9,花蓮縣,瑞穗鄉,花蓮縣瑞穗鄉,23.5205619,121.4113308,21,1010
298,2022/6/9,2022/6/9,花蓮縣,富里鄉,花蓮縣富里鄉,23.154416,121.2855249,27,975
299,2022/6/9,2022/6/9,花蓮縣,卓溪鄉,花蓮縣卓溪鄉,23.404007,121.2168466,24,961
300,2022/6/9,2022/6/9,花蓮縣,鳳林鎮,花蓮縣鳳林鎮,23.7443841,121.4570447,32,948
301,2022/6/9,2022/6/9,花蓮縣,豐濱鄉,花蓮縣豐濱鄉,23.5851901,121.5027404,20,410
303,2022/6/9,2022/6/9,苗栗縣,竹南鎮,苗栗縣竹南鎮,24.6887007,120.8724046,249,11512
304,2022/6/9,2022/6/9,苗栗縣,頭份市,苗栗縣頭份市,24.6884438,120.9024836,329,11306
305,2022/6/9,2022/6/9,苗栗縣,苗栗市,苗栗縣苗栗市,24.5711502,120.8154358,229,6508
306,2022/6/9,2022/6/9,苗栗縣,苑裡鎮,苗栗縣苑裡鎮,24.4098262,120.6775054,139,4022
307,2022/6/9,2022/6/9,苗栗縣,後龍鎮,苗栗縣後龍鎮,24.6144348,120.7906035,100,2604
308,2022/6/9,2022/6/9,苗栗縣,通霄鎮,苗栗縣通霄鎮,24.4892617,120.6803783,83,2505
309,2022/6/9,2022/6/9,苗栗縣,公館鄉,苗栗縣公館鄉,24.5111399,120.8211796,74,1898
310,2022/6/9,2022/6/9,苗栗縣,造橋鄉,苗栗縣造橋鄉,24.6248068,120.8613785,35,1688
311,2022/6/9,2022/6/9,苗栗縣,銅鑼鄉,苗栗縣銅鑼鄉,24.4481942,120.792458,48,1005
312,2022/6/9,2022/6/9,苗栗縣,三義鄉,苗栗縣三義鄉,24.3892633,120.769476,33,932
313,2022/6/9,2022/6/9,苗栗縣,卓蘭鎮,苗栗縣卓蘭鎮,24.3113039,120.8254872,33,824
314,2022/6/9,2022/6/9,苗栗縣,南庄鄉,苗栗縣南庄鄉,24.5802942,121.0105733,32,778
315,2022/6/9,2022/6/9,苗栗縣,頭屋鄉,苗栗縣頭屋鄉,24.5765856,120.8545433,28,716
316,2022/6/9,2022/6/9,苗栗縣,泰安鄉,苗栗縣泰安鄉,24.3831955,121.03351,25,668
317,2022/6/9,2022/6/9,苗栗縣,大湖鄉,苗栗縣大湖鄉,24.3980966,120.8728615,27,595
318,2022/6/9,2022/6/9,苗栗縣,三灣鄉,苗栗縣三灣鄉,24.6305288,120.9302603,16,433
319,2022/6/9,2022/6/9,苗栗縣,西湖鄉,苗栗縣西湖鄉,24.5273821,120.7608567,16,244
320,2022/6/9,2022/6/9,苗栗縣,獅潭鄉,苗栗縣獅潭鄉,24.5238661,120.9302603,13,147
322,2022/6/9,2022/6/9,連江縣,南竿鄉,連江縣南竿鄉,26.160198,119.9513711,13,531
323,2022/6/9,2022/6/9,連江縣,北竿鄉,連江縣北竿鄉,26.2245753,119.9982607,5,140
324,2022/6/9,2022/6/9,連江縣,東引鄉,連江縣東引鄉,26.376667,120.506667,3,123
326,2022/6/9,2022/6/9,金門縣,金湖鎮,金門縣金湖鎮,24.4376913,118.4279933,60,959
327,2022/6/9,2022/6/9,金門縣,金寧鄉,金門縣金寧鄉,24.4565774,118.3058515,42,913
328,2022/6/9,2022/6/9,金門縣,金城鎮,金門縣金城鎮,24.4320647,118.3155101,43,911
329,2022/6/9,2022/6/9,金門縣,金沙鎮,金門縣金沙鎮,24.4811092,118.4279933,22,487
330,2022/6/9,2022/6/9,金門縣,烈嶼鄉,金門縣烈嶼鄉,24.4279737,118.2351192,31,172
332,2022/6/9,2022/6/9,雲林縣,斗六市,雲林縣斗六市,23.7077947,120.5409089,285,8219
333,2022/6/9,2022/6/9,雲林縣,虎尾鎮,雲林縣虎尾鎮,23.7162184,120.4242401,241,5753
334,2022/6/9,2022/6/9,雲林縣,西螺鎮,雲林縣西螺鎮,23.7755286,120.447285,152,3661
335,2022/6/9,2022/6/9,雲林縣,斗南鎮,雲林縣斗南鎮,23.6771369,120.4760808,122,2772
336,2022/6/9,2022/6/9,雲林縣,麥寮鄉,雲林縣麥寮鄉,23.7485306,120.2562662,89,2177
337,2022/6/9,2022/6/9,雲林縣,北港鎮,雲林縣北港鎮,23.5958633,120.2858846,87,2007
338,2022/6/9,2022/6/9,雲林縣,莿桐鄉,雲林縣莿桐鄉,23.7769338,120.5394232,76,1696
339,2022/6/9,2022/6/9,雲林縣,古坑鄉,雲林縣古坑鄉,23.6449781,120.563741,76,1601
340,2022/6/9,2022/6/9,雲林縣,土庫鎮,雲林縣土庫鎮,23.6882639,120.3550808,51,1412
341,2022/6/9,2022/6/9,雲林縣,崙背鄉,雲林縣崙背鄉,23.7601594,120.3531749,53,1324
342,2022/6/9,2022/6/9,雲林縣,二崙鄉,雲林縣二崙鄉,23.8155793,120.4062196,45,1138
343,2022/6/9,2022/6/9,雲林縣,元長鄉,雲林縣元長鄉,23.6288771,120.3320195,39,1120
344,2022/6/9,2022/6/9,雲林縣,林內鄉,雲林縣林內鄉,23.7587272,120.6159497,55,1047
345,2022/6/9,2022/6/9,雲林縣,大埤鄉,雲林縣大埤鄉,23.6519084,120.4242401,32,890
346,2022/6/9,2022/6/9,雲林縣,口湖鄉,雲林縣口湖鄉,23.6178327,120.1630864,45,869
347,2022/6/9,2022/6/9,雲林縣,台西鄉,雲林縣台西鄉,23.7229714,120.1935663,37,826
348,2022/6/9,2022/6/9,雲林縣,水林鄉,雲林縣水林鄉,23.5628088,120.2397336,39,755
349,2022/6/9,2022/6/9,雲林縣,四湖鄉,雲林縣四湖鄉,23.6370834,120.1935663,33,733
350,2022/6/9,2022/6/9,雲林縣,褒忠鄉,雲林縣褒忠鄉,23.6944368,120.3103204,13,617
351,2022/6/9,2022/6/9,雲林縣,東勢鄉,雲林縣東勢鄉,23.693257,120.2570421,27,554
353,2022/6/9,2022/6/9,高雄市,鳳山區,高雄市鳳山區,22.6113591,120.3493158,1420,38243
354,2022/6/9,2022/6/9,高雄市,三民區,高雄市三民區,22.6483444,120.3262535,1077,32811
355,2022/6/9,2022/6/9,高雄市,楠梓區,高雄市楠梓區,22.7175372,120.3031871,771,21736
356,2022/6/9,2022/6/9,高雄市,小港區,高雄市小港區,22.5553185,120.3608455,594,19723
357,2022/6/9,2022/6/9,高雄市,前鎮區,高雄市前鎮區,22.5970794,120.3147208,600,19665
358,2022/6/9,2022/6/9,高雄市,左營區,高雄市左營區,22.6877358,120.2916524,689,17440
359,2022/6/9,2022/6/9,高雄市,苓雅區,高雄市苓雅區,22.6268814,120.3262535,469,15046
360,2022/6/9,2022/6/9,高雄市,大寮區,高雄市大寮區,22.584481,120.4011911,520,12826
361,2022/6/9,2022/6/9,高雄市,鼓山區,高雄市鼓山區,22.6495866,120.2685799,442,12343
362,2022/6/9,2022/6/9,高雄市,岡山區,高雄市岡山區,22.8016472,120.2858846,383,10591
363,2022/6/9,2022/6/9,高雄市,仁武區,高雄市仁武區,22.7057951,120.3423604,355,9497
364,2022/6/9,2022/6/9,高雄市,林園區,高雄市林園區,22.4986756,120.4011911,253,6312
365,2022/6/9,2022/6/9,高雄市,路竹區,高雄市路竹區,22.8494042,120.2628111,180,5520
366,2022/6/9,2022/6/9,高雄市,燕巢區,高雄市燕巢區,22.7823697,120.378138,127,5028
367,2022/6/9,2022/6/9,高雄市,新興區,高雄市新興區,22.6283893,120.3060706,152,4298
368,2022/6/9,2022/6/9,高雄市,前金區,高雄市前金區,22.6252508,120.2953492,223,4232
369,2022/6/9,2022/6/9,高雄市,梓官區,高雄市梓官區,22.7486104,120.2570421,163,4043
370,2022/6/9,2022/6/9,高雄市,鳥松區,高雄市鳥松區,22.6602052,120.3723741,133,3883
371,2022/6/9,2022/6/9,高雄市,大樹區,高雄市大樹區,22.708371,120.4242401,149,3820
372,2022/6/9,2022/6/9,高雄市,橋頭區,高雄市橋頭區,22.7539031,120.3089574,133,3682
373,2022/6/9,2022/6/9,高雄市,大社區,高雄市大社區,22.7377083,120.3608455,134,3666
374,2022/6/9,2022/6/9,高雄市,茄萣區,高雄市茄萣區,22.8763476,120.2108809,90,2946
375,2022/6/9,2022/6/9,高雄市,湖內區,高雄市湖內區,22.8954184,120.2224227,92,2864
376,2022/6/9,2022/6/9,高雄市,旗津區,高雄市旗津區,22.6141771,120.2659394,127,2860
377,2022/6/9,2022/6/9,高雄市,阿蓮區,高雄市阿蓮區,22.8778606,120.3320195,105,2306
378,2022/6/9,2022/6/9,高雄市,旗山區,高雄市旗山區,22.8702492,120.4703258,80,2107
379,2022/6/9,2022/6/9,高雄市,鹽埕區,高雄市鹽埕區,22.6235157,120.2837442,70,1901
380,2022/6/9,2022/6/9,高雄市,彌陀區,高雄市彌陀區,22.7832231,120.2455033,75,1796
381,2022/6/9,2022/6/9,高雄市,美濃區,高雄市美濃區,22.885385,120.5509358,81,1689
382,2022/6/9,2022/6/9,高雄市,永安區,高雄市永安區,22.8112691,120.2397336,32,965
383,2022/6/9,2022/6/9,高雄市,內門區,高雄市內門區,22.9560087,120.4703258,35,761
384,2022/6/9,2022/6/9,高雄市,杉林區,高雄市杉林區,23.0007902,120.5624474,27,667
385,2022/6/9,2022/6/9,高雄市,六龜區,高雄市六龜區,23.0026195,120.6545022,38,660
386,2022/6/9,2022/6/9,高雄市,桃源區,高雄市桃源區,23.2280755,120.8498944,13,412
387,2022/6/9,2022/6/9,高雄市,田寮區,高雄市田寮區,22.8633474,120.4011911,13,389
388,2022/6/9,2022/6/9,高雄市,那瑪夏區,高雄市那瑪夏區,23.2742978,120.734995,7,221
389,2022/6/9,2022/6/9,高雄市,甲仙區,高雄市甲仙區,23.114592,120.6314948,7,190
390,2022/6/9,2022/6/9,高雄市,茂林區,高雄市茂林區,22.9319405,120.734995,4,178